Neutral,Featured submissions from this weekendâ€™s hashtag project: #WHPseasons https://t.co/9XiC7vfDCg
Positive,Explore St. Moritz with Fabio Zingg on our Instagram story right now â›° https://t.co/4IGlfcKVpp
Neutral,Driving home with the beach ğŸ„ #TheWeekOnInstagram https://t.co/od8UBfL3Xj
Neutral,"Oh, hello Liouba the cat. We didnâ€™t see you up there. ğŸ˜¸ #TheWeekOnInstagram https://t.co/RljC5dnNLP"
Neutral,"The Week on Instagram |https://t.co/jLYH93yx0h"
Neutral,Participate in this weekendâ€™s hashtag project: #WHPseasons https://t.co/12UGv6cv0w
Neutral,"Nature, literature and photography collide #myinstagramlogo https://t.co/Rjy435Rk5j"
Neutral,232 toy cars work together for #myinstagramlogo https://t.co/QJ3hr9veos
Neutral,A sweet treat born from a creative block #myinstagramlogo https://t.co/MXjRsGrGAE
Neutral,Free as a bird ğŸ•Š #TheWeekOnInstagram https://t.co/QCeaDRwf33
Neutral,Todayâ€™s #WeeklyFluff is a crew of three canines that hail from Minnesota https://t.co/A6YJovviC3
Neutral,"From a small English town, @gullyguyleo is king of unique British fashion https://t.co/ol5iOWKy2l"
Neutral,"RT @InStyle: Watch Jessica Alba, Candice Huffine, and more take part in @Instagram's #KindComments campaign! â¤ï¸  https://t.co/nG5MSap0JF"
Neutral,"Friends, photography and the ğŸŒ… #WHPdayoff https://t.co/eClPDwMN3C"
Positive,Brighten up the moment with our new face filter! â˜€ï¸ https://t.co/ON9UO28ZFr
Neutral,A true harvest ğŸŒ½ #TheWeekOnInstagram https://t.co/8W33ke2KZH
Neutral,A lazy afternoon + favorite armchair = #WHPdayoff ğŸ¶ https://t.co/IkGFB3bs7Q
Positive,There are two new creative tools for Instagram Stories: a color picker for text and brushes and an alignment tool fâ€¦ https://t.co/3SXJv5bDnf
Neutral,Perched ğŸ¦  #TheWeekOnInstagram https://t.co/PZMndq489y
Neutral,"Creating meaningful experiences around food with 14-year-old @ChefJoshR ğŸœ  https://t.co/2lg2E9IXY4"
Neutral,Catching the dayâ€™s first light for #WHPdayoff ğŸ¤¸â€â™‚ï¸ https://t.co/FFpdzy7h4s
Positive,Introducing an interactive poll sticker in Instagram Stories. What will you ask your friends?â€¦ https://t.co/bPP9QunkML
Positive,Featured submissions from this weekendâ€™s hashtag project: #WHPdayoff https://t.co/Hm6aUunRiU
Positive,RT @FastCompany: How Instagram became the music industryâ€™s most powerful weapon https://t.co/f6bvjaqTep https://t.co/9i0EQs6RQ5
Positive,On our Instagram story: skateboarding in Jakarta https://t.co/vlDC21yKvi
Neutral,Wild higanbana mark the beginning of fall. ğŸ #TheWeekOnInstagram https://t.co/QlM3fy38Bn
Neutral,"The Week on Instagram | 304 https://t.co/A1BW9ruUFa"
Positive,Watch our Instagram story now to see the world through Tasneemâ€™s ğŸ‘€ https://t.co/AeTp7riHZt
Positive,Participate in this weekendâ€™s hashtag project: #WHPdayoff https://t.co/eUYwtvDa8a
Neutral,".@LaGuelaguetza puts family â€” and Oaxacan pride â€” first  https://t.co/hJUsYyXFZX"
Neutral,Todayâ€™s #WeeklyFluff = a teeny-tiny vacuum cleaner ğŸ¹ https://t.co/ekI3r9xaxY
Neutral,A ring of ğŸ”¥ for #WHPdynamic ğŸ’« https://t.co/CWiuoGzqGw
Positive,Put on a pair of shades and transport yourself to locations all over the world with our new face filter! ğŸ˜ğŸŒ https://t.co/mcctbEy3mT
Positive,"RT @BuzzFeedNews: Instagram now lets you limit comments just to people you follow https://t.co/27HHBpEohn"
Neutral,Taking the leap ğŸ¤¸â€â™‚ï¸ #WHPdynamic https://t.co/Dms0cuYVdm
Positive,RT @glamourmag: This new Instagram feature helps users dealing with mental health issues: https://t.co/zgHkI2CbbN https://t.co/FMIXHCUTui
Positive,RT @Cosmopolitan: Instagram Rolled Out an Awesome New Feature to Counter Trolls https://t.co/L2tF6X61zX https://t.co/GLd5jPJJGC
Positive,RT @TeenVogue: Chella Man opens up about #kindcomments on Instagram â¬‡ï¸ https://t.co/r998eYxqOJ
Positive,Laundry time! #WHPdynamic https://t.co/hQ4ql3AW4S
Positive,Blue hair. Blue eyes. ğŸ’™ Watch @TheNaomiJon on our story right now https://t.co/9Zol5IiDfF
Neutral,Light and dust create a cinematic scene around this spinning motorcycle. ğŸ #WHPdynamic https://t.co/NE0YkdIeUh
Neutral,"Meet @lakwenamaciver, one of the #KindComments muralists https://t.co/w9wwftLGwm"
Positive,A soaring skateboarder + a peaceful landscape = #WHPdynamic https://t.co/0m4RlFaHWL
Positive,"Today, weâ€™re releasing new tools to help manage your comments experience https://t.co/wHmg7LJCKb"
Positive,Featured submissions from this weekendâ€™s hashtag project: #WHPdynamic https://t.co/x7fRdAbLjL
negative,Extreme unicyclist Pierre Sturny wants you to know that his sport is not just for the circus https://t.co/54Khi42exi
Neutral,An unexpected third party ğŸ #TheWeekOnInstagram https://t.co/MAJxPxsLLD
Neutral,"An early morning scene in Ukraineâ€™s Carpathian Mountains ğŸ´ğŸ´ #TheWeekOnInstagram https://t.co/HmZnqM9gLJ"
Neutral,Watch our Instagram story to see Jaydeâ€™s coverage and illustrations from @gucci at #MFW https://t.co/buH9XiXiuj
Neutral,"The Week on Instagram | 303 https://t.co/8915CRn6zb"
Neutral,Cultivating talent and preserving traditions at @penumbranyc https://t.co/zkmmvTlCw4
Neutral,Seeking fields of gold ğŸŒ» #BoomerangOfTheWeek https://t.co/fR7vSG7Bsy
Neutral,Participate in this weekendâ€™s hashtag project: #WHPdynamic https://t.co/CpUJRKdPOX
Neutral,Photographer Elias Williams aim = capture peopleâ€™s complexity through portraits https://t.co/ptKHGSMpay
Positive,Introducing new stickers to help you celebrate the changing seasons. https://t.co/bfPMxG7EeQ
Positive,"Exclusive, new face filter in live video! Tap to change the â€œsceneryâ€ ğŸ•¶ ğŸŒ https://t.co/Lj1dGQsRAo"
Neutral,A family love for food and ğŸš² = #WHPmadewithlove https://t.co/Z1igLlm56Z
Neutral,"Meet todayâ€™s #WeeklyFluff: a ğŸ° whose twitchy nose, perky ears and chubby cheeks have us feeling all kinds of ğŸ˜  https://t.co/mmFMIMH6jL"
Positive,"Starting today, you can play with face filters while sharing live video! âœ¨ https://t.co/YY2xeHfLPi https://t.co/O79lGe4rlc"
Neutral,"A toy taxi enters Manhattan's fast lane ğŸš• #WHPmadewithlove https://t.co/8HFXJAJbfV"
Neutral,"Soap bubbles always a good idea âœ¨ #TheWeekOnInstagram https://t.co/kp1C2ccW3f"
Positive,"Watch our Instagram story to spend the day with @jtimberlake at @rockinrio ğŸ•º https://t.co/oRD8P7RzCv"
Neutral,Alone with natureğŸŒ² #TheWeekOnInstagram https://t.co/sTBaZcR9qP
Neutral,"The ingredients for knitting a long scarf with a curious cat: a lot of yarn, patience &amp; a bit of â¤ï¸#WHPmadewithlove https://t.co/MakUAl0Ohj"
Neutral,Turning roadside tansies into art ğŸŒ¼ #WHPmadewithlove https://t.co/2usQFlMXYM
Neutral,"Light, love and a long exposure for #WHPmadewithlove https://t.co/66AGG1I1l2"
Positive,Tune into our Instagram story to hang with @YaraShahidi at the #Emmys âœ¨ https://t.co/pOzTjUntYS
Neutral,Talking comedy with #Emmys host Stephen Colbert of @colbertlateshow https://t.co/S5bYwqfpMm
Neutral,"The Week on Instagram | 302 https://t.co/5UQOKcTCci"
Neutral,Creating inclusive Latino communities one denim jacket at a time with @hijadetumadrela #HispanicHeritageMonth https://t.co/9BxkWEy1uY
Neutral,Participate in this weekendâ€™s hashtag project: #WHPmadewithlove https://t.co/zpSOxBf2dX
Neutral,A heart-filled image from Russia is this monthâ€™s #myinstagramlogo â¤ï¸ https://t.co/4o3RlzHEwV
Positive,Happening now on our Instagram story: how to make rainbow text in stories! ğŸŒˆ https://t.co/B4f9VXqHPx
Neutral,"Discovering a love of portrait photography in Japan during #WWIM16ğŸ’Œhttps://t.co/3Zk8mEAwF9"
Positive,"New in Direct! Text reply with a photo. Simply type your message and tap the camera. On Android today, with iOS comâ€¦ https://t.co/R1XGNMV8wS"
Neutral,"Meet Serena and Donatella, two smooching golden retriever sisters #WeeklyFluff ğŸ˜˜ ğŸ¶ https://t.co/aCfXa4R84s"
Neutral,Watch our Instagram story now to check out #NYFW with the creative directors of @OscardelaRenta and Monse. ğŸ‘  https://t.co/favdZJoRGx
Neutral,Grab a friend and set out on an adventure with our new face filter! ğŸ ğŸŒˆ https://t.co/Ml7wbdAPwj
Neutral,On the cliffâ€™s edge with a canine companion #TWOI https://t.co/vx4XWuTmQ4
Neutral,An epic selfie in Mexico City #WWIM16ğŸ’Œ https://t.co/nSF5mg5PYv
Neutral,A circle of love from Indonesia for #WWIM16ğŸ’Œ #KindComments https://t.co/snKac7LJsF
Neutral,Watch our Instagram story to look behind the scenes of photographer Luisa DÃ¶rrâ€™s portraits for @TIME â€œFirstsâ€ https://t.co/BH4JgdmSAD
Positive,"When you discover a story you want to share, tap the direct icon, select who you want to share it with and hit send. https://t.co/Gj9xxZlHv4"
Positive,"Now you can share stories with friends in Direct! https://t.co/CI63tDxruE https://t.co/hHzykk5X5k"
Neutral,"One way to celebrate community: gather your friends together in a sweeping, coordinated pose #WWIM16ğŸ’Œ https://t.co/fOgMfRmPcY"
Neutral,Industrial grays and bright billowing ribbons in Montreal #TWOI https://t.co/t2fCfgqmBv
Neutral,Watch our Instagram story right now! Weâ€™re jet-setting around the world for #WWIM16ğŸ’Œ #KindComments https://t.co/JVru39kS9N
Neutral,"Youâ€™ve got mail from Banda Aceh, Indonesia! #WWIM16ğŸ’Œ #KindComments https://t.co/9BM5rNzXEI"
Neutral,"Summerâ€™s end, sunset and a waterslide at the Opatija Riviera #TWOI https://t.co/YwhcCK1ART"
Neutral,Turning custom kicks into a business with @vintagewavez ğŸ‘Ÿ https://t.co/WLtVpTqsN6
Neutral,"The Week on Instagram | 301https://t.co/n6qgMidr0w"
Neutral,"Watch our Instagram story to see this 17-year-oldâ€™s fingerboarding tricks âœŒï¸https://t.co/NC4CXn906c"
Neutral,Taking in the morning mist ğŸ¦Œ #WHPgreatoutdoors https://t.co/pDEObUMyXd
Neutral,"Worldwide InstaMeet 16 (#WWIM16ğŸ’Œ) is happening this weekend, September 8-10! https://t.co/fwGOBLIkbI"
Neutral,"Making mail awesome and sending #KindComments with Lucy Halcomb #WWIM16ğŸ’Œhttps://t.co/QRQT9K4pKx"
Neutral,A young fisherwoman heads home in Iran #WHPgreatoutdoors https://t.co/l1C6vpLoQB
Neutral,The path to a peaceful future â˜®ï¸ #WHPgreatoutdoors https://t.co/ZND9fkELjJ
Neutral,Watch our Instagram story now to catch up with the cast of @DearEvanHansen in New York City #WWIM16ğŸ’Œ #KindComments https://t.co/mpL0D3WKOd
Neutral,A first-time visit to Niagara Falls for #WHPgreatoutdoors ğŸ’¦https://t.co/2Ym2Nwuund
Neutral,"Meet Gracie, a refined rescue cat living with two adorably feisty rescue kittens #WeeklyFluff ğŸ˜¸ğŸ˜¸ğŸ˜¸ https://t.co/icJUShAQJt"
Neutral,Watch our Instagram story to see @JacobFrerodâ€™s stop-motion videos â€”celebrating WWIM16.  #WWIM16ğŸ’Œ  #KindComments https://t.co/6un5W6fde8
Neutral,Taking a cool leap into warm Indonesian waters #WHPgreatoutdoors https://t.co/b0Bo190oGg
Positive,Featured submissions from this weekendâ€™s hashtag project: #WHPgreatoutdoors https://t.co/gkWg1Sx3d0
Neutral,"Watch our Instagram story to see colorful looks from a makeup maestro ğŸŒˆğŸ’„https://t.co/5bngVgVkGu"
Neutral,Watch our story now to see coverage from this yearâ€™s hajj by @AhmadMousaQ and @mastirham https://t.co/MK41A8d4RB
Neutral,Standing guard ğŸ¤– #TheWeekOnInstagram https://t.co/3djkYwl3Pn
Neutral,Watch our Instagram story now to join @AmandaCerny and @PrillyBie for an afternoon in Jakarta ğŸ’ƒ https://t.co/LFqWfv2Bf8
Neutral,"The Week on Instagram | 300 https://t.co/Pn7RUl7C5r"
Neutral,"Lights, shadows and one lazy kitty ğŸ˜¸ #BoomerangOfTheWeek https://t.co/5Xwj6mNYHJ"
Neutral,Participate in this weekendâ€™s hashtag project: #WHPgreatoutdoors https://t.co/6dHa3K1OoJ
Neutral,Watch our Instagram story to see competitive cheerleader @KylanaWhitley hit the mat ğŸ¤¸ğŸ¿â€â™‚ï¸ https://t.co/L42ewK7Pto
Neutral,Symmetry from above in Mexico City ğŸ’ #TheWeekOnInstagram https://t.co/RqTzyFTDqH
Neutral,Merging online and offline worlds with @helloluckycards #KindComments ğŸ’Œ https://t.co/hiI8Lm0qk2
Positive,Share your #mood with our new weather-inspired face filters ğŸŒ¤ https://t.co/FJ5UlbY8BW
Neutral,Surrealist-inspired photos = #WHPimagine https://t.co/6XBs5W6BZd
Neutral,An unexpected rainbow and a sweet embrace ğŸŒˆ #WHPimagine https://t.co/c3e9osJNOe
Neutral,"Meet todayâ€™s #WeeklyFluff: Munji the cat, a regal and eccentric bundle of white fur ğŸ‘‘https://t.co/gSKvM0z2uC"
Positive,"Starting today, you can choose landscape and portrait formats when sharing multiple photos and videos in one post. https://t.co/Lg1wiuRzxT"
Neutral,When reflections and reality meet ğŸŠ #WHPimagine https://t.co/JLcsKd0qpo
Positive,Featured submissions from this weekendâ€™s hashtag project: #WHPimagine https://t.co/Mjiv8a96pV
Neutral,"RT @TIFF_NET: Congrats to all this year's #TIFFxInstagram films ğŸ“º Catch-up on these amazing 60 second digital shorts here.  https://t.co/â€¦"
Neutral,"T @TIFF_NET: Natalia Gurkina's CONFESSION is the #TIFFxInstagram Jury's Choice by Isabelle Huppert @AshDSanders @idirectorx @karanjohar &amp"
Neutral,"Watch our Instagram story now as we go behind the scenes with @FifthHarmony at the @vmas ğŸ¤ https://t.co/fWfwhnRW7t https://t.co/sSihyrttnQ"
Neutral,"The Week on Instagram | 299 https://t.co/Iha3OSsW97"
Neutral,Watch our Instagram story now to experience @afropunk with @sza https://t.co/u5UO29AU7Z
Positive,How fun it can be to change what you see #BoomerangOfTheWeek ğŸŒ± https://t.co/7muizPzhlq
Positive,Participate in this weekendâ€™s hashtag project: #WHPimagine https://t.co/HWIekgoVuq
Neutral,"In Japan, summer is a time for suikawari ğŸ‰ #TheWeekOnInstagram https://t.co/kriqu7B73x"
Neutral,Meet todayâ€™s #WeeklyFluff: a French bulldog living his best lifeğŸ´ğŸ˜´ ğŸ’© https://t.co/mQfwYlMMkS
Positive,"Tap on our new rainbow filter to brighten up your day ğŸŒˆ https://t.co/Va0tdjJxwe"
Neutral,"RT @nytimesphoto: We asked people along the path of totality show us how they watched today's eclipse. The view across the country: https:"
Positive,Featured submissions from this weekendâ€™s hashtag project: #WHPadventure https://t.co/KoB8mzShmi
Neutral,A majestic feline takes a leap of faith in Japan ğŸ˜¸   #TheWeekOnInstagram https://t.co/grBat5l9Mx
Neutral,"@peachystudy shares the beauty of organized homework on our Instagram story ğŸ““https://t.co/RD53TJZLa0"
Neutral,"The Week on Instagram | 298 https://t.co/rNpDPqTGIP"
Positive,Introducing three new stickers to celebrate the upcoming total solar eclipse! https://t.co/qixXvNh4F7
Positive,Weâ€™re diving into the weekend with this #BoomerangOfTheWeek ğŸ’¦ https://t.co/z5zQGn4rQg
Positive,Participate in this weekendâ€™s hashtag project: #WHPadventure https://t.co/7heObRqkg8
Neutral,RT @TIFF_NET: #TIFFxInstagram Shorts Festival wraps-up on August 20. Watch + vote for your favourites by liking them ğŸ’™ğŸ“² now: https://t.co/Hâ€¦
Positive,"New! Reply with photos and videos to specific re-shares, photos and videos in Direct. https://t.co/ADJTw3uEcv"
Neutral,A Malaysian architect reinterprets a local coffee shop for #WHPmini â˜•ï¸ https://t.co/YbG23CiHUL
Neutral,Traveling through time in Mexico â˜”ï¸ #TheWeekOnInstagram https://t.co/kffsocGSdv
Neutral,Drones have a knack for making everything appear small #WHPmini https://t.co/Td3WcJ8WrO
Neutral,Meet todayâ€™s #WeeklyFluff: a curious and cuddly parakeet named Ziggy. ğŸ’š https://t.co/CW2dV8JbE2
Positive,"Try our new, customizable face filter that celebrates 1960s style. Tap the accessories to mix &amp; match your look! âœŒï¸â€¦ https://t.co/iX4ulJAJmM"
Neutral,"MatÃ©, sunsets and horses #TheWeekOnInstagram https://t.co/vCmnzIxx5s"
Neutral,Miniature (paper) yellow rain boots for a rainy weekend â˜”ï¸ #WHPmini https://t.co/fNb5bq9GHs
Positive,"Watch our Instagram story to take a look inside the world of @Harper_Watters: classical ballet, with a twist ğŸ‘  https://t.co/pO1gsKgPjK"
Positive,Featured submissions from this weekendâ€™s hashtag project: #WHPmini https://t.co/NNv8GM4KAL
Neutral,"A tiny, leaping frog for #WHPmini ğŸ¸ https://t.co/BpUZHxypXq"
Neutral,"Start your week with this #myinstagramlogo, built brick by brick https://t.co/4jLfYLVlWi"
Neutral,RT @WIRED: NEW ISSUE: Instagram wants to be the nicest place on the internet. But should it be? Read our brand new cover storyâ†’ https://t.câ€¦
Neutral,"Watch our Instagram story to see artist @jonburgermanâ€™s doodles come to life ğŸ‘€ https://t.co/tCt76gsLD4"
Neutral,"Coffee, a husky and sunrise over a lake = a perfect morning â˜• #TheWeekOnInstagram https://t.co/GIXhI1i1b3"
Neutral,A recipe for beet pappardelle transports us from Russia to a Tuscan villa. #TheWeekOnInstagram https://t.co/Hal50GUZNc
Neutral,Always on the lookout for flamingoes #TheWeekOnInstagram https://t.co/FUr6fGvppu
Neutral,"Watch our Instagram story to see @JasMeannnn get ready for @BeautyconTweets ğŸ’‹ https://t.co/kmMIQ5vcJk"
Neutral,"The Week on Instagram | 297 https://t.co/DBxvPICC8G https://t.co/MGrHg971q2"
Positive,"Two French bulldogs in perfect sync for our #BoomerangOfTheWeek ğŸ¶ ğŸ¶ https://t.co/VYhVRi82xp"
Neutral,Take a look inside the colorful journals of 19-year-old Lina Doerwald ğŸ“– #WWIM16ğŸ’Œ  #KindComments https://t.co/FZHcxhsKMX
Positive,Participate in this weekendâ€™s hashtag project: #WHPmini https://t.co/gRrufEeUcr
Neutral,A young queen enjoys her breakfast ğŸ‘‘ #WHPinthekitchen https://t.co/WkiM7lqg6f
Neutral,On our Instagram story now: Watch @wahnails paint fingertip canvases! https://t.co/5A3g1HcHcq
Neutral,Picking plums at a 17th-century villa. #WHPinthekitchen https://t.co/d1RaBdRsTK
Neutral,Steady on a cliff at sunset in Jasper National Park #TheWeekOnInstagram https://t.co/yWxG48FyTa
Neutral,Chefs as scientists for #WHPinthekitchen https://t.co/vJksEbUnqi
Neutral,"Waffle pops, anyone? #WHPinthekitchen https://t.co/3inD8pG17B"
Neutral,A quiet sunset scene highlights a traditional dancer at a Tokyo festival #TheWeekOnInstagram https://t.co/B3b6RCLWA6
Neutral,Not your average table setting. #WHPinthekitchen https://t.co/lEKrl2NT8O
Neutral,Watch our Instagram story now to meet @RojoTheLlama and his herd https://t.co/6pZVF0rC4X
Neutral,Featured submissions from this weekendâ€™s hashtag project: #WHPinthekitchen https://t.co/wVhQduWPM2
Neutral,Happening now on our Instagram story: how to open your Instagram Stories camera! https://t.co/0Qa01BB71W
Neutral,"The Week on Instagram | 296 https://t.co/NhR5xwx3UX"
Neutral,Watch our Instagram story now to see @OliWhiteTVâ€™s favorite summer pastimes in London ğŸ¦ #SiTC2017 https://t.co/Id8OLZQSzh
Positive,Weâ€™re jumping for joy at this #BoomerangOfTheWeek https://t.co/ybZbhAzL19
Positive,"Participate in this weekendâ€™s hashtag project: #WHPinthekitchen https://t.co/KSZnaAZcCX"
Neutral,"Watch our Instagram story now to see illustrator @karabo_poppy at work ğŸ¨https://t.co/CeSrmbLGC7"
Positive,Try out two new face filters today! âœ¨ ğŸ± https://t.co/TJiWRJKLA3
Neutral,SukkhaCitta sells contemporary batik textiles that help Indonesian artisans move out of poverty https://t.co/QGTwdkgtfo
Positive,Interested in hosting an InstaMeet or finding one near you? Check out https://t.co/F5zQ2NPMcx https://t.co/TbfZy7rU8s
Positive,RT @instagrameng: @instagram Stories launched 1 year ago today and 250m people use it every day! Read about the eng team behind it: https:/â€¦
Neutral,Confident toddlers and fields of sunflowers for #WHPtalentshow ğŸŒ» https://t.co/I5NSKLa5QW
Positive,RT @Entrepreneur: How @LanaElie Used Instagram to Turn Her Love of Flowers Into a Blooming Business | by @NinaZipkin https://t.co/FOz8GNKCOw
Positive,Announcing Worldwide InstaMeet 16! #WWIM16ğŸ’Œ #KindComments https://t.co/E7RrvdqVgM
Neutral,Landing a new pogo move for #WHPtalentshow https://t.co/5L8VFGnelm
Neutral,Even adults love hula-hooping #WHPtalentshow https://t.co/2DfPVUkfyL
Neutral,"Time to meet todayâ€™s #WeeklyFluff: two sleepy kittens from Japan ğŸ˜» ğŸ˜»https://t.co/qC8t8Sjx1v"
Positive,Celebrating one year of Instagram Stories https://t.co/GTJaFW7KdW
Positive,Introducing new stickers to help you celebrate birthdays and any special occasion https://t.co/pvOEEMB6bS
Neutral,"Slip into summer with this paper dress for #WHPtalentshow https://t.co/xRdDzpgNUA"
Neutral,"Every movement has connection #WHPtalentshow https://t.co/P9BqKmUCAS"
Neutral,"Wally the Welsh corgiâ€™s spinning skills are on the nose #WHPtalentshow https://t.co/LzDw4g0j1h"
Neutral,A little rain didnâ€™t damper the fun at @fujirock_jp for @LukasGraham last weekend https://t.co/ha1gJMOHAE
Neutral,Watch our Instagram story now to see 18-year-old Debangshu Moulik illustrate in action https://t.co/lk5EaciOsv
Neutral,Debangshu Moulik communicates through the universal language â€” art https://t.co/1XDgWqXzng
Neutral,"Watch our Instagram story now to see the @FCBarcelona players gearing up for El ClÃ¡sico Miami âš½  https://t.co/0U3zvW1GyT"
Neutral,"The Week on Instagram | #295 https://t.co/BU47OxG7we"
Positive,"Participate in this weekendâ€™s hashtag project: #WHPtalentshow https://t.co/6hF5gI4yvK"
Neutral,A California native spotted surfers in Munich for our #BoomerangOfTheWeek https://t.co/SwS1UfhjPQ
Neutral,Leap into todayâ€™s #WeeklyFluff with Birch the goldendoodle ğŸ¶ https://t.co/VrvEiDr6qT
Neutral,RT @NYTStyles: Got goats? Share your photos with us on Instagram using the hashtag #NYTgoats https://t.co/Aeep5Xf3y0
Neutral,A fireworks display for one in Japanâ€™s Aichi Prefecture #TheWeekOnInstagram https://t.co/Jvl1mbngzU
Neutral,"A quiet moment of sibling bonding #WHPmood  https://t.co/kbrUTT4Cjd"
Neutral,In pursuit of home with Egyptian photojournalist @elshamyme #WhereIComeFrom https://t.co/esMI4GFjGD
Neutral,Watch our Instagram story now to see @vickysdonutsâ€™ doughnut decorating in action! https://t.co/bH3K0sLtL2
Neutral,RT @TIFF_NET: Emerging filmmakers with #TIFF17 dreams: submit your short to #TIFFxInstagram for a chance to join us in September. https://tâ€¦
Neutral,"Making perplexed faces and giggles for #WHPmood  https://t.co/9JFrpoBIep"
Neutral,"A timeless moment captured serendipitously in Drvengrad, Serbia #TheWeekOnInstagram https://t.co/dGE078Srwa"
Neutral,"Feeling reflective in the streets of Havana #WHPmood https://t.co/8yEwgSJfAO"
Neutral,From shark attack survivor to shark advocate with Mike Coots https://t.co/SiP36CY8Je
Neutral,Watch our Instagram story now to see how stylist Kayla Boyer creates rainbow-colored hair ğŸŒˆ https://t.co/2UTeqijS3K
Neutral,"Current mood: A silly moment with a friend. #WHPmood https://t.co/5e0zTvIz85"
Neutral,"A summery state of mind and a pink picnic to match #WHPmood https://t.co/QbnavLaD6K"
Neutral,"Playing with scale in Balaklava, Ukraine #TheWeekOnInstagram https://t.co/EJBHRobuz6"
Neutral,"In Jakarta, that familiar feeling of just hanging in there #WHPmood https://t.co/d8WtZ6DCac"
Positive,Watch our Instagram story for a behind-the-scenes look from @tomorrowland https://t.co/KcjdXtvicb
Neutral,Meet the Valais blacknose sheep of Switzerland #TheWeekOnInstagram https://t.co/dWXHKUJfi0
Neutral,"Poetry, theater, art and activism with 18-year-old Sejahari Saulter-Villegas https://t.co/sWCd8aiuQO"
Neutral,A stroll down a dock at Torontoâ€™s Sunnyside Beach brings us our #BoomerangOfTheWeek https://t.co/FZXtZ9L7Tm
Positive,Participate in this weekendâ€™s hashtag project: #WHPmood https://t.co/IbHaqo4FRC
Neutral,Watch our Instagram story now to see cosplayer @kierapleaseâ€™s characters come to life. https://t.co/Gl06tQ8Wp8
Neutral,Finding self-expression through cosplay with @kieraplease https://t.co/qqCVpooUIr
Neutral,A young woman catches the cameraâ€™s eye in Japan. ğŸ‘€ #TheWeekOnInstagram https://t.co/QIJr7S6Tor
Neutral,"Turning an emoji into a polymer clay mosaic = ğŸ˜» #WHPISpyEmojis https://t.co/ddKgWjtUZK"
Neutral,Just a normal day at the pool. #TheWeekOnInstagram https://t.co/BfrmfIeXPN
Neutral,"This little monkey-pup sees, hears and speaks no evil. ğŸ™ˆğŸ™‰ğŸ™Š #WHPISpyEmojis https://t.co/snjmJxXMdQ"
Neutral,"Coming in for a landing ğŸ #TheWeekOnInstagram https://t.co/xebPyN8eFJ"
Positive,Laundry swaying on the line caught our eye for this #BoomerangOfTheWeek https://t.co/qiq4jQFnJO
Positive,Participate in this weekendâ€™s hashtag project: #WHPISpyEmojis https://t.co/wUnrFPDlw2